국가,2018;국내총생산(GDP $),2019;국내총생산(GDP $),합계출산;2015,합계출산;2020,도시화율;2020,평균교육기간(년);2018,1인당 GNI(구매력환산기준 2011) (달러);2018,2020;연간 인구증가율,2020;0~14세 인구 구성비,2020;15~64세 인구 구성비,2020;65세이상 인구 구성비,학년전교육;남자,학년전교육;여자,학년전교육;합계,초등교육;남자,초등교육;여자,초등교육;합계,중등교육;남자,중등교육;여자,중등교육;합계,고등교육;남자,고등교육;여자,고등교육;합계,경제활동참여율;남자,경제활동참여율;여자
아프가니스탄,18353881129.525,19291104007.614,5.45,4.56,26.0,3.9,1746.0,2.304,41.823,55.528,2.649,,,,121.4,82.1,102.2,67.9,38.6,53.6,14.2,4.9,9.7,,
알바니아,15147020535.387,15286612572.69,1.71,1.62,62.1,10.1,12300.0,0.578,17.236,68.06,14.705,82.8,84.9,83.8,105.5,108.9,107.0,95.8,94.7,95.3,45.7,69.8,57.4,64.392,46.603
알제리,175414987760.927,171157803367.473,2.96,3.05,73.7,8.0,13639.0,1.837,30.784,62.474,6.743,,,,114.5,108.9,111.8,,,,38.4,57.2,47.6,67.034,14.556
미국령사모아,641000000.0,638000000.0,,,,,,0.208,,,,,,,,,,,,,,,,,
안도라,3218316013.226,3155065487.518,,,87.9,10.2,48641.0,0.154,,,,,,,,,,,,,,,,,
앙골라,101353230784.594,89417190341.253,6.0,5.55,66.8,5.1,5555.0,3.219,46.395,51.413,2.191,,,,,,,,,,,,,78.831,76.116
앤티가바부다,1605351851.852,1661962962.963,2.0,2.0,24.4,9.3,22201.0,0.834,21.851,68.817,9.332,68.9,76.5,72.7,104.5,102.8,103.7,110.7,107.7,109.2,,,,,
아르헨티나,517626700412.885,445445177459.453,2.33,2.27,92.1,10.6,17611.0,0.97,24.435,64.198,11.367,75.6,76.6,76.1,109.9,109.6,109.7,106.5,111.0,108.7,67.8,112.8,90.0,72.652,50.615
아르메니아,12457941907.033,13672802157.832,1.72,1.76,63.3,11.8,9277.0,0.186,20.832,67.365,11.803,48.4,53.1,50.6,93.9,94.2,94.1,81.7,84.8,83.2,46.1,58.7,52.3,,
아루바,3202188606.929,,1.8,1.9,,,,0.428,17.382,68.012,14.606,,,,,,,,,,,,,,
오스트레일리아,1432881172002.17,1396567014733.23,1.89,1.83,86.2,12.7,44097.0,1.259,19.292,64.495,16.213,167.7,161.2,164.6,100.3,100.3,100.3,159.0,141.2,150.3,93.8,133.3,113.1,70.651,60.205
오스트리아,455094861902.062,445075391688.156,1.45,1.53,58.7,12.6,46231.0,0.419,14.412,66.384,19.204,104.9,103.8,104.4,103.2,103.0,103.1,102.5,98.3,100.5,78.1,92.5,85.1,66.422,55.044
아제르바이잔,47112941176.471,48174235294.118,2.09,2.08,56.4,10.5,15240.0,0.853,23.515,69.743,6.742,36.0,36.0,36.0,102.5,104.2,103.3,94.4,94.5,94.5,25.3,29.0,27.1,69.252,63.13
바하마,13022100000.0,13578800000.0,1.81,1.76,83.2,11.5,28395.0,0.961,21.601,70.651,7.748,31.7,39.0,35.3,81.6,81.2,81.4,78.5,80.2,79.4,,,,81.544,67.96
바레인,37652500000.0,38474521276.596,2.12,2.0,89.5,9.4,40399.0,3.615,18.282,79.066,2.651,54.3,54.6,54.4,101.4,101.0,101.2,100.5,104.1,102.2,34.0,64.3,47.1,87.179,45.035
방글라데시,274038973437.275,302563398919.928,2.21,2.05,38.2,6.1,4057.0,1.003,26.755,68.018,5.227,41.0,42.5,41.7,111.1,119.1,115.0,64.3,75.2,69.7,21.3,14.9,18.2,,
바베이도스,5086500000.0,5209000000.0,1.63,1.62,31.2,10.6,15912.0,0.122,16.76,66.537,16.702,87.9,91.1,89.5,99.5,96.0,97.8,104.2,108.6,106.3,,,,68.707,61.4
벨라루스,60031262269.337,64409647193.804,1.65,1.71,79.5,12.3,17039.0,0.202,17.24,67.179,15.58,99.9,96.4,98.2,102.2,101.7,102.0,104.3,102.7,103.5,79.1,98.3,88.5,71.331,57.307
벨기에,543676145773.882,533254518108.234,1.78,1.71,98.1,11.8,43821.0,0.582,17.034,63.712,19.254,115.3,115.0,115.1,103.9,104.0,103.9,149.7,167.8,158.5,69.3,90.5,79.7,58.425,48.534
벨리즈,1915899786.964,1982518540.613,2.58,2.32,46.0,9.8,7136.0,1.845,29.199,65.792,5.008,47.7,50.0,48.9,116.0,110.4,113.2,81.9,86.2,84.0,18.8,30.5,24.7,,
베냉,14250987026.053,14391686309.033,5.22,4.87,48.4,3.8,2135.0,2.692,41.945,54.777,3.278,25.0,25.9,25.5,130.8,122.3,126.6,,,,17.0,7.5,12.3,72.992,68.972
버뮤다,7224329000.0,7484113000.0,,,100.0,,,0.016,,,,,,,,,,,,,13.4,22.5,17.8,,
부탄,2446866404.931,2530547157.567,2.12,2.0,42.3,3.1,8609.0,1.11,24.895,68.901,6.205,28.2,29.8,29.0,101.4,101.3,101.3,83.2,92.8,87.9,15.6,15.5,15.6,,
볼리비아,40287647930.536,40895322850.941,3.05,2.75,70.1,9.0,6849.0,1.38,30.203,62.31,7.487,73.6,74.0,73.8,98.2,96.9,97.5,91.2,89.3,90.3,,,,80.423,62.981
보스니아-헤르체고비나,20183510561.255,20202479537.519,,,49.0,9.7,12690.0,0.613,14.522,67.562,17.916,,,,,,,,,,,,,57.719,35.205
보츠와나,18663265549.02,18362348887.587,3.01,2.89,70.9,9.3,15951.0,2.059,33.404,62.084,4.512,,,,,,,,,,20.5,29.2,24.9,,
브라질,1916947014067.55,1877810514260.36,1.77,1.74,87.1,7.8,14068.0,0.713,20.709,69.699,9.592,95.9,96.7,96.3,117.4,113.4,115.4,99.3,102.4,100.8,43.5,59.4,51.3,73.917,54.046
브루나이,13567351175.032,13469422941.392,2.02,1.85,78.3,9.1,76389.0,0.962,22.324,72.106,5.57,65.7,68.4,67.0,104.9,104.9,104.9,91.7,94.3,92.9,25.9,42.0,33.6,,
불가리아,66230155099.578,68558815111.62,1.52,1.56,75.7,11.8,19646.0,0.697,14.679,63.853,21.468,77.6,76.3,77.0,89.6,89.1,89.3,99.5,96.8,98.2,63.7,78.8,71.0,61.865,49.113
부르키나파소,16059910870.624,15990803569.996,5.65,5.23,30.6,1.6,1705.0,2.823,44.37,53.219,2.411,3.7,3.7,3.7,94.4,92.9,93.7,38.6,37.6,38.1,7.9,4.1,6.0,,
부룬디,3036937141.271,3012308945.627,5.95,5.45,13.7,3.1,660.0,3.076,45.252,52.368,2.38,13.9,14.2,14.0,122.9,124.8,123.9,48.1,50.4,49.3,8.4,3.8,6.1,,
캄보디아,24571753583.504,27089389786.968,2.7,2.52,24.2,4.8,3597.0,1.4,30.925,64.222,4.853,21.2,22.0,21.6,109.1,106.5,107.8,,,,14.1,12.2,13.1,,
카메룬,38694156862.992,39007354359.28,4.95,4.6,57.6,6.3,3291.0,2.554,42.064,55.22,2.716,35.6,36.2,35.9,116.0,104.5,110.3,,,,14.1,11.4,12.8,80.995,70.937
캐나다,1721822141487.59,1741576393905.98,1.6,1.53,81.6,13.3,43602.0,1.09,15.775,66.12,18.104,,,,101.1,100.8,100.9,113.0,114.5,113.8,59.1,79.3,68.9,69.173,60.673
카보베르데,1966983316.326,1981845740.706,2.5,2.29,66.7,6.2,6513.0,1.094,28.082,67.133,4.786,72.7,74.4,73.5,106.8,99.7,103.3,88.3,97.0,92.6,19.6,29.3,24.4,,
케이맨제도,5522625585.023,5935769350.774,,,100.0,,,1.182,,,,,,,,,,,,,,,,,
중앙아프리카공화국,2220979144.52,2220307318.749,5.1,4.75,42.2,4.3,777.0,1.767,43.542,53.66,2.798,2.9,3.0,2.9,,,,20.5,13.8,17.1,,,,,
차드,11239167048.492,11314951342.781,6.31,5.8,23.5,2.4,1716.0,2.959,46.49,51.011,2.499,,,,,,,,,,,,,,
칠레,297571693064.212,279385487344.526,1.85,1.65,87.7,10.4,21972.0,0.863,19.239,68.519,12.243,82.5,81.0,81.8,102.9,99.9,101.4,101.6,102.0,101.8,82.5,94.7,88.5,74.067,51.966
중국,13894817549380.3,14279937467431.0,1.64,1.69,61.4,7.9,16127.0,0.314,17.712,70.32,11.968,84.5,85.1,84.8,99.0,99.9,99.4,,,,44.7,54.0,49.1,74.836,59.842
홍콩,361691522612.745,363016373358.517,1.2,1.33,100.0,12.0,60221.0,0.342,12.672,69.131,18.197,105.3,111.4,108.2,105.7,110.1,107.8,106.9,103.7,105.3,70.3,78.5,74.3,67.041,53.658
콜롬비아,334198214706.209,323429888934.257,1.92,1.82,81.4,8.3,12896.0,1.074,22.184,68.756,9.061,,,,116.8,113.1,115.0,93.1,98.5,95.7,52.2,60.8,56.4,80.951,57.491
코모로,1178530633.815,1165839899.803,4.6,4.24,29.4,4.9,2426.0,2.174,39.02,57.874,3.106,20.1,20.8,20.4,101.6,97.2,99.4,53.9,57.2,55.5,,,,,
콩고민주공화국,46831342212.547,50400746171.424,6.4,5.96,,6.8,800.0,3.143,45.795,51.186,3.019,,,,,,,,,,,,,,
콩고,13642740884.136,12693562947.786,4.7,4.45,67.8,6.5,5804.0,2.525,41.27,55.967,2.763,,,,,,,,,,15.2,10.1,12.7,71.218,67.429
코스타리카,62335931464.498,63951114302.26,1.85,1.76,80.8,8.7,14790.0,0.918,20.828,68.919,10.253,80.3,80.8,80.5,110.2,111.5,110.8,124.6,133.5,128.9,49.6,62.2,55.7,75.931,48.207
코트디부아르,58011466450.864,58539424929.725,4.95,4.68,51.7,5.2,3589.0,2.541,41.508,55.609,2.883,8.1,8.2,8.2,102.9,93.8,98.4,55.6,41.3,48.4,11.1,7.6,9.3,,
크로아티아,61375222347.026,60752588976.318,1.49,1.45,57.6,11.4,23061.0,0.445,14.542,64.206,21.252,70.6,69.5,70.0,96.4,96.5,96.5,97.1,101.8,99.4,57.4,78.8,67.9,57.16,45.331
쿠바,100050000000.0,103131000000.0,1.71,1.62,77.2,11.8,7811.0,0.061,15.921,68.186,15.893,100.6,100.6,100.6,103.0,97.8,100.5,100.4,102.2,101.3,30.0,50.5,39.9,66.696,40.512
키프로스,25309818138.876,24949065263.629,1.38,1.34,66.8,12.1,33100.0,0.73,16.577,69.014,14.409,84.2,83.2,83.7,99.3,99.4,99.3,101.1,99.5,100.3,69.6,82.4,75.9,68.022,57.757
체코,248950103352.137,250686478649.064,1.48,1.64,74.1,12.7,31597.0,0.253,15.756,64.101,20.143,108.0,104.7,106.4,100.4,101.0,100.7,103.1,103.9,103.5,53.4,75.3,64.1,68.205,52.816
덴마크,356879499797.896,350104327658.675,1.73,1.76,88.1,12.6,48836.0,0.292,16.282,63.554,20.164,96.4,95.4,95.9,101.6,100.9,101.3,128.4,129.8,129.1,68.4,93.6,80.6,66.184,58.157
지부티,3012820409.633,3324634256.133,3.1,2.76,78.1,4.0,3601.0,1.473,28.912,66.381,4.706,6.7,7.2,7.0,67.7,71.9,69.6,48.1,47.6,47.8,,,,,
도미니카연방,551074074.074,574607407.407,,,71.1,7.8,9245.0,0.255,,,,,,,,,,,,,,,,,
도미니카공화국,85555378042.82,88941299733.502,2.45,2.36,82.5,7.9,15074.0,1.009,27.439,65.033,7.528,50.4,51.6,51.0,111.5,104.0,107.8,76.5,83.0,79.7,43.0,77.0,59.9,,
에콰도르,107562008000.0,108108009000.0,2.56,2.44,64.2,9.0,10141.0,1.539,27.392,65.017,7.591,68.8,72.2,70.4,102.9,104.2,103.5,100.8,103.6,102.2,,,,80.997,55.305
이집트,249712999437.254,303080865603.645,3.45,3.33,42.8,7.3,10744.0,1.92,33.921,60.747,5.332,29.1,28.7,28.9,106.0,106.3,106.1,87.4,85.9,86.7,34.6,35.8,35.2,70.883,22.076
엘살바도르,26020850000.0,26896660000.0,2.17,2.05,73.4,6.9,6973.0,0.505,26.591,64.758,8.651,64.5,65.5,65.0,97.8,94.5,96.2,71.8,71.2,71.5,27.0,30.2,28.6,75.853,45.504
적도기니,13097012189.4,11417278044.986,4.99,4.55,73.1,5.6,17796.0,3.408,36.779,60.839,2.381,,,,,,,,,,,,,,
에스토니아,30631142226.853,31471100656.243,1.59,1.59,69.2,13.0,30379.0,0.313,16.498,63.129,20.373,92.7,92.0,92.4,97.2,97.3,97.2,116.2,118.9,117.5,55.4,84.8,69.6,70.692,56.809
에티오피아,84269348327.345,95912590628.141,4.85,4.3,21.7,2.8,1782.0,2.541,39.918,56.545,3.537,,,,,,,,,,,,,85.762,73.565
페로제도,3051341335.952,3126293219.78,,,42.4,,,0.385,,,,,,,,,,,,,,,,,
피지,5581393120.629,5496250694.316,2.79,2.79,57.2,10.9,9110.0,0.726,29.011,65.171,5.817,,,,,,,,,,,,,76.236,38.601
핀란드,275984345123.137,268966065200.0,1.77,1.53,85.5,12.4,41779.0,0.165,15.865,61.58,22.554,83.7,83.4,83.6,100.4,99.9,100.2,146.8,161.5,154.0,81.0,95.7,88.2,62.528,55.337
프랑스,2787863958885.49,2715518274227.45,1.98,1.85,81.0,11.4,40511.0,0.212,17.654,61.593,20.753,106.0,106.0,106.0,102.8,102.2,102.5,103.5,104.1,103.8,58.7,72.8,65.6,59.593,50.648
가봉,16862282413.878,16874450215.135,4.1,4.0,90.1,8.3,15794.0,2.417,37.264,59.207,3.529,,,,,,,,,,,,,61.909,43.842
감비아,1670670668.594,1826073739.825,5.5,5.25,62.6,3.7,1490.0,2.895,43.95,53.519,2.531,36.4,39.0,37.7,91.5,99.1,95.2,,,,,,,,
조지아,17599700090.762,17477255562.258,2.0,2.06,59.5,12.8,9570.0,0.166,20.22,64.526,15.253,,,,99.8,100.9,100.4,102.9,104.0,103.4,53.3,60.7,56.8,80.871,57.376
독일,3963767526250.98,3861123558039.21,1.43,1.59,77.5,14.1,46946.0,0.177,13.956,64.357,21.687,109.6,108.6,109.1,103.9,104.2,104.0,101.4,95.2,98.4,69.8,70.7,70.2,66.467,55.295
가나,65315955122.808,67234292582.761,4.18,3.89,57.3,7.2,4099.0,2.131,37.131,59.728,3.14,115.6,118.1,116.8,105.0,106.1,105.5,69.9,68.1,69.0,18.5,13.4,16.0,71.831,63.46
그리스,212249754841.292,205326724570.227,1.34,1.3,79.7,10.5,24909.0,0.056,13.656,64.06,22.284,73.9,74.9,74.4,99.5,99.6,99.6,107.5,101.4,104.5,136.2,137.0,136.6,59.299,43.907
그린란드,3051626389.637,,,,,,,0.252,,,,,,,,,,,,,,,,,
그레나다,1168696296.296,1211403703.704,2.18,2.07,36.5,8.8,12684.0,0.461,23.776,66.431,9.793,95.7,101.4,98.5,114.1,108.7,111.4,112.2,116.8,114.5,90.3,110.3,100.2,,
괌,6051000000.0,6311000000.0,2.45,2.32,94.9,,,0.886,23.86,65.606,10.534,,,,,,,,,,,,,,
과테말라,73208583758.911,77020015201.32,3.19,2.9,51.8,6.5,7378.0,1.52,33.342,61.616,5.042,48.6,49.5,49.0,102.7,99.6,101.2,54.1,51.5,52.8,,,,86.365,39.924
기니,11857030336.527,13513809258.208,5.13,4.74,36.9,2.7,2211.0,2.792,43.049,53.999,2.952,,,,,,,,,,,,,,
기니비사우,1504630120.993,1439638443.381,4.9,4.51,44.2,3.3,1593.0,2.421,41.927,55.187,2.886,,,,,,,,,,,,,,
가이아나,4787635821.461,5173759527.507,2.6,2.47,26.8,8.5,7615.0,0.482,27.732,65.269,7.0,,,,,,,,,,,,,,
아이티,15965670198.455,14332163266.398,3.26,2.96,57.1,5.4,1665.0,1.231,32.474,62.351,5.175,,,,,,,,,,,,,,
온두라스,24067778953.842,25089976946.774,2.73,2.49,58.4,6.6,4258.0,1.613,30.588,64.439,4.973,40.8,41.5,41.1,91.6,91.5,91.5,48.6,55.9,52.2,20.7,28.1,24.3,85.828,52.096
헝가리,160431092908.646,163503650313.081,1.33,1.49,71.9,11.9,27144.0,0.219,14.409,65.428,20.163,83.7,80.8,82.3,101.1,100.5,100.8,103.4,103.6,103.5,43.3,53.9,48.5,65.335,48.506
아이슬란드,26224228693.395,24836714771.464,1.98,1.77,93.9,12.5,47566.0,1.613,19.424,64.954,15.622,92.7,95.6,94.1,100.4,100.3,100.4,118.1,116.9,117.5,50.6,94.4,71.8,,
인도,2701111782774.57,2870504096717.48,2.4,2.24,34.9,6.5,6829.0,0.989,26.161,67.266,6.574,14.3,13.1,13.7,105.6,121.1,113.0,73.0,74.1,73.5,26.9,28.0,27.4,76.009,20.335
인도네시아,1042271531011.99,1119091259074.62,2.45,2.32,56.6,8.0,11256.0,1.065,25.936,67.801,6.263,66.3,60.0,63.2,107.5,104.2,105.9,86.0,88.2,87.1,34.0,39.0,36.4,81.766,53.153
이란,294356680624.658,258245497664.394,1.91,2.15,75.9,10.0,18166.0,1.293,24.745,68.691,6.564,,,,107.7,113.9,110.7,87.9,84.7,86.3,73.3,62.9,68.1,71.096,17.344
이라크,212271807144.367,222434137055.838,4.25,3.68,70.9,7.3,15365.0,2.295,37.714,58.844,3.443,,,,,,,,,,,,,74.282,11.83
아일랜드,386155676371.47,398590210120.337,1.97,1.84,63.7,12.5,55660.0,1.216,20.832,64.59,14.578,164.4,162.4,163.4,101.0,100.7,100.9,126.3,124.3,125.3,73.7,82.0,77.8,67.935,55.783
이스라엘,370455651179.958,394652208893.138,3.04,3.04,92.6,13.0,33650.0,1.783,27.828,59.757,12.414,110.8,110.8,110.8,104.4,105.4,104.9,104.2,106.0,105.1,52.8,74.5,63.4,68.466,59.692
이탈리아,2092138739019.84,2004913357800.0,1.42,1.33,71.0,10.2,36141.0,0.294,12.987,63.711,23.302,95.0,92.8,94.0,103.4,100.3,101.9,101.6,100.9,101.3,53.0,71.5,61.9,58.711,40.66
자메이카,15730793852.791,15830768549.892,2.08,1.99,56.3,9.8,7932.0,0.436,23.358,67.564,9.078,74.4,74.7,74.5,90.5,89.0,89.8,79.3,83.6,81.4,,,,72.578,59.986
일본,4954806619995.19,5064872875604.59,1.41,1.37,91.8,12.8,40799.0,0.34,12.449,59.154,28.397,,,,,,,,,,,,,71.008,52.703
요르단,42932112676.056,44502895915.493,3.4,2.77,91.4,10.5,8268.0,0.999,32.854,63.192,3.954,26.0,25.8,25.9,81.5,80.0,80.8,61.7,63.6,62.6,29.1,33.3,31.1,63.506,14.404
카자흐스탄,179339994859.384,181667190075.541,2.67,2.76,57.7,11.8,22168.0,1.292,29.144,62.953,7.903,61.9,63.1,62.5,107.9,109.7,108.7,113.7,114.7,114.2,44.4,56.1,50.1,75.062,62.191
케냐,87778582964.139,95503088538.092,4.06,3.52,28.0,6.6,3052.0,2.252,38.59,58.901,2.509,,,,,,,,,,13.2,9.7,11.5,77.528,72.324
키리바시,196737895.995,194647201.946,3.79,3.58,,7.9,3917.0,1.551,35.917,59.868,4.215,,,,97.9,104.9,101.3,,,,,,,,
한국,1724845615629.26,1646739219509.89,1.23,1.11,81.4,12.2,36757.0,0.138,12.543,71.666,15.791,94.9,95.1,95.0,98.2,98.0,98.1,100.6,100.0,100.3,104.8,82.8,94.3,73.089,52.817
쿠웨이트,138182400493.585,136196760180.976,2.1,2.1,100.0,7.3,71164.0,1.498,21.462,75.502,3.036,64.5,66.2,65.3,94.2,97.3,95.7,,,,36.7,77.5,55.4,87.3,49.339
키르기스스탄,8271106196.043,8871019822.767,3.3,3.0,36.9,10.9,3317.0,2.076,32.649,62.623,4.728,38.6,38.8,38.7,107.5,106.6,107.0,94.0,93.8,93.9,38.3,47.5,42.8,75.652,44.455
라오스,17953786416.143,18245925331.24,2.93,2.7,36.3,5.2,6317.0,1.469,31.947,63.794,4.259,42.3,43.4,42.9,108.0,103.9,106.0,70.1,64.9,67.5,15.4,16.0,15.7,,
라트비아,34416012859.187,34055464655.325,1.5,1.72,68.3,12.8,26301.0,0.643,16.432,62.881,20.687,95.9,95.3,95.6,99.3,99.5,99.4,111.3,110.2,110.7,72.0,105.1,88.1,67.864,55.337
레바논,54961275741.559,51991634491.635,2.08,2.09,88.9,8.7,11136.0,0.442,25.069,67.382,7.549,,,,,,,,,,,,,71.279,22.872
레소토,2514146887.917,2366213068.575,3.26,3.16,29.0,6.3,3244.0,0.796,32.238,62.813,4.949,,,,124.1,117.8,120.9,52.8,71.3,62.0,8.2,13.3,10.8,,
라이베리아,3264000000.0,3070518100.0,4.75,4.35,52.1,4.7,1040.0,2.407,40.372,56.309,3.318,124.6,125.7,125.2,85.5,84.7,85.1,,,,,,,80.589,72.083
리비아,52607888717.949,52091152228.343,2.45,2.25,80.7,7.6,11685.0,1.375,27.785,67.689,4.526,,,,,,,,,,,,,65.254,33.803
리히텐슈타인,6839145106.862,,,,14.4,12.5,99732.0,0.307,,,,101.0,105.2,103.1,106.3,102.9,104.7,129.1,105.1,117.1,43.6,27.4,35.6,,
리투아니아,53722883091.351,54639938780.235,1.59,1.67,68.0,13.0,29775.0,0.02,15.478,63.904,20.618,88.6,87.7,88.2,103.9,103.9,103.9,110.6,106.0,108.4,61.4,84.0,72.4,67.574,56.235
룩셈부르크,70919958015.525,71104919108.141,1.55,1.45,91.5,12.2,65543.0,1.96,15.558,70.052,14.391,92.9,90.8,91.9,102.6,102.0,102.3,102.6,104.8,103.7,18.2,20.1,19.2,63.728,55.124
마카오,55302446577.888,55153707948.702,1.19,1.2,100.0,,,1.379,14.354,73.674,11.971,96.5,94.1,95.3,102.0,100.8,101.4,99.9,100.1,100.0,73.7,96.2,84.7,,
북마케도니아,12679934731.389,12547086168.49,1.5,1.5,,9.7,12874.0,0.004,16.31,69.213,14.477,40.4,41.6,41.0,97.2,97.1,97.1,82.5,80.3,81.4,36.7,48.6,42.5,,
마다가스카르,13614412550.872,14191911512.041,4.4,4.11,38.5,6.1,1404.0,2.641,40.063,56.837,3.101,35.9,39.3,37.6,142.0,143.1,142.5,36.7,37.1,36.9,5.5,5.1,5.3,89.006,83.446
말라위,9712994564.916,10862613621.906,4.88,4.25,17.4,4.6,1159.0,2.655,42.992,54.366,2.642,,,,143.2,147.8,145.5,41.2,38.6,39.9,,,,,
말레이시아,358715057123.739,364681367531.684,2.11,2.01,77.2,10.2,27227.0,1.294,23.448,69.368,7.184,98.5,101.6,100.0,104.6,106.0,105.3,83.1,88.0,85.4,40.5,47.1,43.7,77.169,50.899
몰디브,5299773143.696,5642179170.459,2.11,1.88,40.7,6.8,12549.0,1.789,19.6,76.807,3.593,90.3,92.9,91.5,96.2,98.1,97.1,,,,16.6,59.8,31.2,,
말리,17070866299.095,17281815733.96,6.35,5.92,43.9,2.4,1965.0,2.971,47.007,50.516,2.477,6.6,7.1,6.9,84.6,75.6,80.2,45.9,37.1,41.5,6.3,2.7,4.5,,
몰타,14864712990.163,15215714309.097,1.4,1.45,94.7,11.3,34795.0,4.124,14.374,64.302,21.324,108.3,107.1,107.7,104.9,105.1,105.0,104.8,104.7,104.8,46.0,63.2,54.3,66.773,45.928
마셜제도,221588900.0,239462200.0,,,,10.9,4633.0,0.683,,,,,,,,,,,,,,,,,
모리타니,7050987978.121,7600650037.846,4.88,4.59,55.3,4.6,3746.0,2.702,39.685,57.137,3.178,,,,93.6,99.8,96.7,32.5,32.6,32.6,6.6,3.3,5.0,,
모리셔스,14181930162.416,14046337854.847,1.49,1.39,40.8,9.4,22724.0,0.002,16.785,70.695,12.52,100.8,100.5,100.7,100.6,102.4,101.5,92.5,99.1,95.7,33.9,47.5,40.6,,
멕시코,1222348807283.2,1268870527160.03,2.29,2.14,80.7,8.6,17628.0,1.058,25.835,66.547,7.618,72.7,74.8,73.7,105.5,106.0,105.8,100.7,108.2,104.4,39.8,40.6,40.2,78.328,44.254
미크로네시아,401932300.0,408060600.0,3.33,3.08,,7.7,3700.0,1.058,31.193,64.417,4.39,,,,,,,,,,,,,,
몰도바,11456728401.307,11968699005.98,1.28,1.26,42.8,11.6,6833.0,1.721,15.888,71.619,12.493,87.0,85.9,86.5,91.4,91.1,91.3,87.1,86.5,86.8,35.7,46.7,41.1,45.773,40.018
모나코,7194024563.061,7423709839.919,,,100.0,,,0.708,,,,,,,,,,,,,,,,,
몽골,13108769495.747,13996719329.424,2.84,2.9,68.7,10.2,10784.0,1.634,31.093,64.595,4.312,85.5,85.2,85.3,104.1,101.8,102.9,,,,53.2,75.3,64.2,,
모로코,118096227400.092,119700325461.938,2.6,2.42,63.5,5.5,7480.0,1.196,26.768,65.625,7.607,58.6,49.1,54.0,114.9,109.8,112.4,84.2,75.3,79.9,34.3,33.3,33.8,69.908,21.35
모잠비크,14845870050.709,15291448211.603,5.23,4.89,37.1,3.5,1154.0,2.887,44.063,53.075,2.862,,,,112.0,103.6,107.8,37.4,33.4,35.4,7.9,6.3,7.1,,
미얀마,68697759361.231,79844294296.065,2.25,2.17,31.1,5.0,5764.0,0.672,25.486,68.278,6.236,9.7,9.9,9.8,115.3,109.1,112.2,61.5,67.1,64.3,15.6,22.0,18.8,,
나미비아,13681065175.486,12565772084.744,3.63,3.42,52.0,6.9,9683.0,1.843,36.841,59.573,3.586,32.9,34.1,33.5,126.5,121.8,124.2,,,,15.3,30.3,22.9,,
네팔,33111525182.713,34186180694.929,2.32,1.93,20.6,4.9,2748.0,1.829,28.81,65.362,5.828,93.3,83.3,88.3,142.6,145.2,143.9,71.4,76.8,74.1,11.5,11.6,11.6,,
네덜란드,914043438179.607,907050863145.097,1.73,1.66,92.2,12.2,50013.0,0.553,15.702,64.264,20.035,94.2,94.4,94.3,104.2,104.2,104.2,134.7,136.5,135.6,79.3,90.9,85.0,68.743,58.13
뉴질랜드,208870426803.316,209127454522.901,2.04,1.9,86.7,12.7,35108.0,2.087,19.431,64.201,16.368,,,,99.8,100.2,100.0,111.1,118.2,114.6,67.9,97.2,82.0,75.21,64.678
니카라과,13025208219.769,12611218627.063,2.54,2.42,59.0,6.8,4790.0,1.2,29.501,64.822,5.678,,,,,,,,,,,,,84.164,49.87
니제르,12846952856.846,12911689659.351,7.35,6.95,16.6,2.0,912.0,3.771,49.672,47.732,2.596,7.7,8.1,7.9,80.1,69.2,74.7,27.7,20.7,24.3,5.0,2.4,3.7,,
나이지리아,397190484464.308,448120428858.769,5.74,5.42,52.0,6.5,5086.0,2.543,43.488,53.774,2.738,,,,,,,,,,,,,57.755,47.561
북마리아나제도,1302000000.0,1182000000.0,,,,,,0.599,,,,,,,,,,,,,,,,,
노르웨이,436999692591.454,405510000000.0,1.82,1.68,83.0,12.6,68059.0,0.589,17.257,65.216,17.527,95.2,95.5,95.4,100.3,100.2,100.3,119.4,114.2,116.9,66.3,98.7,82.0,66.987,60.277
오만,79788768968.949,76331518668.577,2.9,2.93,86.3,9.7,37039.0,2.611,22.487,75.002,2.511,52.5,55.1,53.8,104.0,108.9,106.4,109.0,102.6,105.8,26.9,54.8,38.1,90.39,30.983
파키스탄,314567541558.339,278221906022.841,3.78,3.55,37.2,5.2,5190.0,1.978,34.82,60.832,4.349,82.0,71.2,76.8,97.0,83.7,90.6,44.4,36.1,40.4,10.0,8.7,9.3,81.715,22.182
팔라우,280435700.0,268354900.0,,,,12.4,16720.0,0.504,,,,,,,,,,,,,,,,,
파나마,64928300000.0,66787900000.0,2.6,2.47,68.4,10.2,20455.0,1.596,26.495,64.966,8.539,61.5,63.0,62.2,95.4,93.4,94.4,74.1,78.3,76.1,,,,79.816,53.435
파푸아뉴기니,24109509852.74,24829107011.07,3.84,3.59,13.3,4.6,3686.0,1.929,35.146,61.282,3.572,,,,,,,,,,,,,47.905,46.053
파라과이,40225448340.632,37906944074.613,2.6,2.45,62.2,8.5,11720.0,1.24,28.894,64.296,6.811,,,,,,,,,,,,,84.536,59.41
페루,222574697255.522,228470919605.669,2.4,2.27,78.3,9.2,12323.0,1.409,24.692,66.583,8.725,98.4,98.1,98.2,104.9,102.1,103.5,106.8,102.5,104.7,68.7,72.7,70.7,85.463,70.584
필리핀,346842094174.513,376823278560.849,3.05,2.58,47.4,9.4,9540.0,1.345,30.043,64.446,5.512,82.3,79.0,80.7,109.4,105.5,107.5,82.0,90.6,86.2,30.8,40.4,35.5,73.239,46.195
폴란드,587408980271.71,595862086928.211,1.33,1.42,60.0,12.3,27626.0,0.039,15.218,66.043,18.739,81.7,80.6,81.1,100.0,100.0,100.0,111.7,108.1,109.9,54.4,81.9,67.8,65.065,48.327
포르투갈,242313116577.967,239510770948.274,1.28,1.29,66.3,9.2,27935.0,0.187,13.054,64.174,22.772,94.6,93.2,93.9,107.9,104.4,106.2,121.1,118.7,119.9,60.1,67.7,63.9,63.639,53.85
푸에르토리코,100925000000.0,104914600000.0,1.5,1.22,93.6,,,0.011,15.752,63.42,20.827,,,,,,,,,,,,,,
카타르,183334953813.209,175837550996.185,2.0,1.88,99.2,9.7,110489.0,1.715,13.639,84.672,1.689,59.2,61.0,60.1,103.5,103.1,103.3,,,,6.7,51.6,16.6,95.126,56.762
루마니아,241457403085.042,249696854574.199,1.51,1.62,54.2,11.0,23906.0,0.442,15.521,65.248,19.231,83.9,84.0,84.0,85.7,84.6,85.2,91.1,91.4,91.3,43.8,55.4,49.4,64.396,44.879
러시아,1657328865709.99,1687448525466.61,1.7,1.82,74.8,12.0,25036.0,0.209,18.362,66.129,15.509,87.7,85.8,86.8,102.8,102.3,102.6,104.7,102.1,103.4,75.0,89.1,81.9,69.757,54.41
르완다,9640280084.196,10355974217.374,4.25,4.1,17.4,4.4,1959.0,2.543,39.474,57.406,3.119,21.6,22.5,22.0,138.2,137.2,137.7,36.6,41.1,38.9,7.8,7.0,7.4,,
사모아,821496064.526,852250190.985,4.16,3.9,,10.6,5885.0,0.666,37.198,57.718,5.084,42.1,47.4,44.7,108.4,108.7,108.5,,,,,,,,
산마리노,1655300872.534,1616369645.996,,,97.5,,,0.218,,,,94.5,98.5,96.4,100.4,116.9,108.1,71.5,63.8,67.9,48.6,36.0,42.5,,
상투메프린시페,412253809.729,427425039.684,4.6,4.35,74.4,6.4,3024.0,1.895,41.758,55.234,3.008,,,,108.5,105.0,106.8,82.9,95.9,89.3,,,,,
사우디아라비아,786521831573.333,792966838160.0,2.73,2.34,84.3,9.7,49338.0,1.579,24.696,71.805,3.498,20.5,21.5,21.0,98.8,100.2,99.5,113.2,102.0,107.7,70.0,69.3,69.7,78.672,22.258
세네갈,23116699808.172,23306213742.36,5.0,4.65,48.1,3.1,3256.0,2.709,42.592,54.3,3.108,15.6,17.5,16.5,79.4,91.9,85.6,44.2,48.1,46.1,14.4,8.6,11.5,57.45,35.103
세이셸,1586008999.748,1581380268.643,2.38,2.46,57.5,9.7,25077.0,0.854,23.767,68.167,8.066,94.1,98.5,96.2,97.4,102.4,99.8,76.8,85.9,81.3,12.1,27.9,19.7,,
시에라리온,4085114794.223,4121733705.292,4.84,4.32,42.9,3.6,1381.0,2.075,40.344,56.729,2.927,11.7,13.0,12.3,123.3,125.6,124.5,42.5,41.1,41.8,,,,,
싱가포르,375981539145.907,374386306993.109,1.23,1.21,100.0,11.5,83793.0,0.312,12.301,74.347,13.352,,,,100.7,100.6,100.6,108.1,107.0,107.6,78.9,91.2,84.8,78.151,61.814
슬로바키아,105526182493.787,105119160234.117,1.38,1.5,53.8,12.6,30672.0,0.086,15.554,67.747,16.699,96.0,94.4,95.2,99.0,98.4,98.7,90.5,91.6,91.1,37.1,56.6,46.6,67.076,51.961
슬로베니아,54161636034.652,54174227308.886,1.58,1.6,55.1,12.3,32143.0,0.561,15.136,64.126,20.738,92.5,90.9,91.7,100.2,100.6,100.4,114.2,117.1,115.6,64.9,93.0,78.6,62.779,52.96
솔로몬제도,1574599182.647,1570215577.361,4.44,4.44,,5.5,2027.0,2.515,40.03,56.299,3.671,97.8,99.7,98.7,113.0,112.2,112.6,,,,,,,,
소말리아,4720727283.205,4942319040.698,6.61,6.12,46.1,,,2.874,46.15,50.948,2.902,,,,,,,,,,,,,,
남아프리카공화국,368288939768.322,351431649241.439,2.55,2.41,67.4,10.2,11756.0,1.273,28.801,65.689,5.509,24.6,24.7,24.6,102.6,99.1,100.9,100.4,109.0,104.7,18.4,26.4,22.4,62.646,49.661
스페인,1422153839840.78,1393490524517.64,1.33,1.33,80.8,9.8,35041.0,0.462,14.399,65.623,19.978,92.3,92.6,92.5,101.9,103.6,102.7,125.2,126.9,126.0,81.1,97.0,88.9,62.971,51.636
스리랑카,87954272082.107,83975584254.403,2.21,2.21,18.7,11.1,11611.0,0.531,23.685,65.082,11.233,,,,101.4,99.9,100.6,95.6,100.5,98.0,15.1,22.8,19.0,74.302,35.294
세인트키츠네비스,1010822222.222,1044711111.111,,,30.8,8.5,26770.0,0.675,,,,,,,,,,,,,,,,,
세인트루시아,2065875074.074,2122450629.63,1.51,1.44,18.8,8.5,11528.0,0.455,17.953,71.751,10.296,77.0,82.7,79.8,102.5,101.5,102.0,88.6,89.2,88.9,13.2,26.5,19.9,,
세인트빈센트그레나딘,811300000.0,824718518.519,2.01,1.9,53.0,8.6,11746.0,0.32,21.902,68.188,9.91,108.2,109.8,109.0,111.5,109.8,110.7,108.6,108.6,108.6,,,,,
수단,34522586970.002,32250448249.46,4.75,4.43,35.3,3.7,3962.0,2.391,39.799,56.527,3.674,46.2,47.1,46.6,79.2,74.4,76.8,46.3,47.0,46.6,,,,68.125,29.109
수리남,3996247906.198,4221373022.258,2.56,2.43,66.1,9.1,11933.0,0.903,26.665,66.2,7.135,89.9,90.9,90.4,110.4,110.8,110.6,,,82.3,,,,63.371,38.807
에스와티니,4665424249.062,4471598726.644,3.14,3.03,24.2,6.7,9359.0,1.042,37.443,58.545,4.012,,,,119.9,110.3,115.2,,,,,,,,
스웨덴,555455371487.089,531283304459.667,1.9,1.85,88.0,12.4,47955.0,0.723,17.624,62.048,20.329,96.6,96.1,96.3,125.8,127.4,126.6,148.1,157.9,152.9,52.7,82.1,67.0,67.728,61.447
스위스,735889205256.251,731474367940.429,1.53,1.54,73.9,13.4,59375.0,0.716,14.959,65.944,19.098,104.0,103.1,103.6,105.5,104.8,105.2,104.7,100.2,102.5,58.8,60.3,59.6,73.478,62.85
타지키스탄,7765014424.338,8300784856.879,3.61,3.61,27.5,10.7,3482.0,2.297,37.27,59.55,3.18,10.6,9.2,9.9,101.4,100.3,100.9,,,,35.5,26.9,31.3,,
탄자니아,57003713748.232,61136873747.332,5.24,4.92,35.2,6.0,2805.0,2.937,43.554,53.802,2.644,44.8,45.1,45.0,87.7,90.8,89.2,27.0,27.7,27.3,,,,87.239,79.381
태국,506611070188.362,544263968873.601,1.53,1.53,51.4,7.7,16129.0,0.25,16.553,70.49,12.958,73.8,73.4,73.6,99.6,99.6,99.6,119.0,114.4,116.7,,,,,
동티모르,1559894900.0,2017924900.0,,,31.3,4.5,7527.0,1.939,36.832,58.885,4.283,23.2,23.7,23.4,121.9,117.6,119.8,78.3,83.8,81.0,,,,,
토고,7112200725.002,7220395247.742,4.69,4.35,42.8,5.0,1593.0,2.401,40.636,56.459,2.905,20.9,21.8,21.3,127.3,121.4,124.4,71.6,52.1,61.8,18.0,8.1,13.1,78.921,76.057
통가,489235527.395,512350059.422,3.79,3.58,,11.2,5783.0,1.142,34.765,59.315,5.92,,,,,,,,,,,,,,
트리니다드토바고,23679919654.989,23208326547.533,1.8,1.73,53.2,11.0,28497.0,0.324,20.062,68.423,11.515,,,,,,,,,,,,,69.632,49.807
튀니지,39770478673.165,39195716330.425,2.25,2.2,69.6,7.2,10677.0,1.054,24.291,66.836,8.873,,,,115.9,115.4,115.6,,,,23.1,41.7,32.1,69.152,23.586
터키,778377023568.884,761428183369.171,2.12,2.08,76.1,7.7,24905.0,1.084,23.942,67.077,8.981,33.5,32.0,32.7,93.6,92.7,93.2,108.5,103.4,106.0,,,,72.411,33.934
투르크메니스탄,40765428571.429,45231428571.429,3.0,2.79,52.5,9.8,16407.0,1.488,30.792,64.44,4.768,,,,,,,,,,,,,78.238,51.25
우간다,32912338571.34,35170037380.863,5.78,5.01,25.0,6.1,1752.0,3.27,46.016,51.998,1.986,14.1,14.7,14.4,101.3,104.1,102.7,,,,,,,,
우크라이나,130901858421.72,153929501862.341,1.49,1.44,69.6,11.3,7994.0,0.568,15.991,67.06,16.949,,,,,,,,,,,,,62.802,46.46
아랍에미리트,422215043594.282,421142267937.372,1.7,1.42,87.0,11.0,66912.0,1.219,14.814,83.922,1.264,79.9,76.0,78.0,109.4,107.3,108.4,109.3,100.4,104.9,,,,93.552,52.482
영국,2857507502963.1,2830813507746.87,1.87,1.75,83.9,13.0,39507.0,0.565,17.677,63.669,18.653,106.5,106.3,106.4,101.3,101.0,101.2,124.1,127.7,125.9,51.0,69.4,60.0,68.045,57.686
미국,20611860934000.0,21433224697000.0,1.88,1.78,82.7,13.4,56140.0,0.351,18.372,64.997,16.631,72.7,73.2,72.9,102.2,101.4,101.8,99.2,98.7,99.0,75.0,102.0,88.2,67.917,55.864
우루과이,64515038268.137,61231149880.586,2.01,1.98,95.5,8.7,19435.0,0.346,20.335,64.577,15.088,93.2,93.6,93.4,109.3,107.6,108.5,114.1,126.6,120.2,,,63.1,73.392,55.725
우즈베키스탄,50392607758.232,57726542784.92,2.43,2.43,50.4,11.5,6462.0,1.922,28.8,66.411,4.789,27.5,26.0,26.8,104.4,102.9,103.7,93.9,92.7,93.3,11.4,6.9,9.2,78.078,52.263
바누아투,914727908.138,930337960.037,4.0,3.8,,6.8,2808.0,2.395,38.41,57.981,3.609,,,,,,,,,,,,,,
베트남,245213686369.157,261921244843.172,1.96,2.06,37.3,8.2,6220.0,0.905,23.194,68.94,7.866,97.4,95.6,96.5,108.2,110.2,109.2,,,,,,,82.184,72.591
예멘,23486269598.986,,4.4,3.84,37.9,3.2,1433.0,2.252,38.832,58.237,2.931,,,,,,,,,,,,,70.241,5.687
잠비아,26311637646.654,23308688906.129,5.2,4.66,44.6,7.1,3582.0,2.886,44.017,53.851,2.132,,,,97.5,99.9,98.7,,,,,,,78.972,70.386
짐바브웨,19523622341.613,16932434838.693,4.09,3.63,32.2,8.3,2661.0,1.474,41.911,55.075,3.014,,,,,,,,,,,,,,
맨섬,7491969312.875,,,,52.9,,,0.522,,,,,,,,,,,,,,,,,
코소보,7942961738.309,7953156068.07,,,,,,0.758,,,,,,,,,,,,,,,,,
몬테네그로,5506767831.838,5542674764.89,1.71,1.75,,11.4,17511.0,0.05,18.045,66.186,15.77,62.3,61.9,62.1,98.1,98.1,98.1,89.4,90.5,89.9,50.9,66.1,58.2,62.72,46.557
세르비아,50640650221.462,51475016532.129,1.46,1.46,,11.2,15218.0,0.534,15.367,65.574,19.059,61.3,61.0,61.1,100.3,100.4,100.3,95.1,95.9,95.5,56.7,76.9,66.5,62.592,47.292
터크스케이커스제도,1113178000.0,1197415000.0,,,93.6,,,1.363,,,,,,,,,,,,,,,,,
투발루,42588164.973,47271463.33,,,,,5409.0,1.169,,,,85.8,80.8,83.3,89.4,82.5,86.0,62.5,71.2,66.7,,,,,
미국령버진아일랜드,3984000000.0,,2.29,2.05,95.9,,,0.356,19.256,60.248,20.496,,,,,,,,,,,,,,
세계,86347154919771.9,87607919950618.1,2.52,2.47,56.2,8.4,15745.0,1.036,25.491,65.191,9.318,,,,,,,,,,,,,,
대만,,,1.11,1.15,,,,,,,,,,,,,,,,,,,,,
서사하라,,,2.6,2.41,,,,,,,,,,,,,,,,,,,,,
안길라,,,,,100.0,,,,,,,,,,,,,,,,,,,,
포클랜드,,,,,78.5,,,,,,,,,,,,,,,,,,,,
프랑스령기아나,,,,,85.8,,,,,,,,,,,,,,,,,,,,
교황청,,,,,100.0,,,,,,,,,,,,,,,,,,,,
나우루,,,,,,,17313.0,,,,,,,,,,,,,,,,,,
팔레스타인,,,,,,,,,,,,56.2,56.3,56.2,99.0,98.8,98.9,84.9,93.1,88.9,33.5,54.2,43.7,,
과들루프,,,2.19,2.17,98.5,,,,,,,,,,,,,,,,,,,,
남아메리카,,,,,,,,,,,,,,,,,,,,,,,,,
뉴칼레도니아,,,2.18,1.97,,,,0.243,22.108,68.194,9.698,,,,,,,,,,,,,,
레위니옹,,,2.4,2.27,99.7,,,,,,,,,,,,,,,,,,,,
마르티니크,,,1.98,1.88,89.1,,,,,,,,,,,,,,,,,,,,
몬트세랫,,,,,9.1,,,,,,,63.9,82.1,72.6,97.3,115.0,105.9,106.5,114.8,110.5,,,,,
베네수엘라,,,2.4,2.28,88.3,10.3,9070.0,0.281,27.263,64.765,7.973,69.1,70.0,69.5,98.3,96.0,97.2,84.7,91.6,88.1,,,,74.282,45.145
북아메리카,,,,,,,,,,,,,,,,,,,,,,,,,
북한,,,1.93,1.91,62.4,,,0.438,19.843,70.808,9.349,,,,112.8,112.8,112.8,,,,35.5,18.2,27.0,87.719,73.299
샤넬군도,,,1.58,1.5,31.0,,,0.922,14.974,67.11,17.916,,,,,,,,,,,,,,
시리아,,,3.1,2.84,55.5,5.1,2725.0,2.491,30.775,64.351,4.874,,,,,,,,,,,,,74.042,14.307
아시아,,,,,,,,,,,,,,,,,,,,,,,,,
아프리카,,,,,,,,,,,,,,,,,,,,,,,,,
에리트레아,,,4.35,4.1,41.3,3.9,1708.0,,,,,21.6,21.1,21.4,73.5,63.2,68.5,50.0,44.9,47.5,,,,85.337,71.4
영국령버진아일랜드,,,,,48.5,,,,,,,125.0,140.5,132.5,131.5,125.9,128.8,96.3,107.1,101.6,11.7,20.9,16.3,,
오세아니아,,,,,,,,,,,,,,,,,,,,,,,,,
유럽,,,,,,,,,,,,,,,,,,,,,,,,,
지브롤터,,,,,100.0,,,0.045,,,,210.1,201.4,205.9,103.4,103.7,103.5,119.1,115.7,117.5,,,,,
타이,,,,,,,,,,,,,,,,,,,,,,,,75.793,58.918
프랑스령폴리네시아,,,2.04,1.95,,,,0.578,22.223,68.708,9.068,,,,,,,,,,,,,,
